model,metric,fold_0,fold_1,fold_2,fold_3,fold_4,mean,std
Dummy (prior),roc_auc,0.5,0.5,0.5,0.5,0.5,0.5,0.0
Dummy (prior),average_precision,0.18895966029723993,0.18723404255319148,0.18936170212765957,0.18936170212765957,0.18936170212765957,0.188855761846682,0.0008256748825845088
Dummy (prior),balanced_accuracy,0.5,0.5,0.5,0.5,0.5,0.5,0.0
Logistic Regression,roc_auc,0.7499264662627213,0.7868574488338886,0.7736884013093869,0.8136482939632546,0.8246188327582648,0.7897478886255033,0.026978582520434637
Logistic Regression,average_precision,0.4331142585798614,0.4152673659719227,0.4119537924065661,0.497903493782164,0.44393782966740897,0.44043534808158463,0.031026053039842953
Logistic Regression,balanced_accuracy,0.5983440202364845,0.5568479295573536,0.5718835707334335,0.630688017930343,0.5818071898316082,0.5879141456578446,0.025289406705509446
Decision Tree,roc_auc,0.5606065062650745,0.5582758210376012,0.5943112448022648,0.6043970627267097,0.6072281695125188,0.5849637608688338,0.021289690244369053
Decision Tree,average_precision,0.21753775415155585,0.21384337035185708,0.2456949809378814,0.24690891704518286,0.25508416762388997,0.23581383802207342,0.01678570855284058
Decision Tree,balanced_accuracy,0.5606065062650745,0.5582758210376012,0.5943112448022649,0.6043970627267097,0.6072281695125188,0.5849637608688338,0.021289690244369067
Random Forest,roc_auc,0.72942526030943,0.7380116611137553,0.744182960276033,0.7724497920905953,0.7928868442006547,0.7553913035980937,0.023659340361491355
Random Forest,average_precision,0.36839889428561623,0.33859654706317316,0.3620980193133878,0.4313843088617929,0.40726869670192445,0.38154929324517883,0.033290358816390274
Random Forest,balanced_accuracy,0.607726925113242,0.5538136601618278,0.5640095549854021,0.5952991831077294,0.5705712347754284,0.5782841116287261,0.02009202008276427
RBF SVC,roc_auc,0.6892464262603683,0.7217099000475963,0.7287150903889823,0.7406883128372999,0.7618921230351824,0.7284503705138858,0.023877065597593686
RBF SVC,average_precision,0.3802153446842114,0.3941649551625723,0.40305394716917836,0.4664312264602656,0.4236534837498397,0.41350379144521343,0.02998546365514932
RBF SVC,balanced_accuracy,0.5383993176069181,0.5257912898619705,0.5410068123507034,0.5323955292105341,0.5245215134625025,0.5324228924985258,0.00656981019595595
