C,gamma,class_weight,mean_test_roc_auc,std_test_roc_auc,mean_test_average_precision,mean_test_balanced_accuracy
0.01,0.0001,none,0.7338866468965308,0.029232907218420864,0.37208022271921537,0.5
0.01,0.001,none,0.7462904394673714,0.022082343117816056,0.38167538784142757,0.5
0.01,0.01,none,0.7017324883624395,0.035610468950228756,0.3666576286587814,0.5
0.01,0.1,none,0.7282885490941269,0.027944310335933604,0.41521036179072324,0.5
0.01,1.0,none,0.722588759800305,0.03503802650043004,0.34691048281808673,0.5
0.01,scale,none,0.7261555229384624,0.022790583302350814,0.40947707006202816,0.5
0.01,0.0001,balanced,0.7179903995643968,0.013836316344572845,0.34913131452135626,0.5
0.01,0.001,balanced,0.7182383526595645,0.013850352279407892,0.34926339292865477,0.5
0.01,0.01,balanced,0.7202938806427467,0.013688345408316243,0.3498879015860735,0.5
0.01,0.1,balanced,0.7370507893996712,0.012512249208192557,0.36801329996361487,0.6694391013905698
0.01,1.0,balanced,0.740140652476238,0.024073998860972827,0.3362554131527579,0.5
0.01,scale,balanced,0.7421102981074201,0.01277199471922696,0.3713605909762434,0.6732214813778609
0.1,0.0001,none,0.7338866468965308,0.029232907218420864,0.37208022271921537,0.5
0.1,0.001,none,0.7231116580130916,0.03590109849748174,0.3773497487492208,0.5
0.1,0.01,none,0.7338557271092441,0.029980526497317788,0.39922916930921226,0.5
0.1,0.1,none,0.7339511662152456,0.024743742066374703,0.4169400179718994,0.5
0.1,1.0,none,0.7231704590353812,0.03632532280308107,0.3461514179111476,0.5
0.1,scale,none,0.7287735140047609,0.024188398049789648,0.41195937105777036,0.5
0.1,0.0001,balanced,0.7179903995643968,0.013836316344572845,0.34913131452135626,0.5
0.1,0.001,balanced,0.7182383526595645,0.013850352279407892,0.34926339292865477,0.499737532808399
0.1,0.01,balanced,0.7460036064832873,0.015124800551670863,0.3761029639345228,0.6883716090209189
0.1,0.1,balanced,0.775521690196129,0.01736639492664738,0.42330344546302195,0.715018278721997
0.1,1.0,balanced,0.7400417521437146,0.023632015124406873,0.3351341079859288,0.5755739856495551
0.1,scale,balanced,0.7748430913567712,0.016963233594942527,0.42481209135205306,0.7141313799123219
1.0,0.0001,none,0.743806297524007,0.03779485611561381,0.3987727373579736,0.5
1.0,0.001,none,0.6746846127305283,0.02581722862500042,0.3494107485097682,0.5
1.0,0.01,none,0.7382895895149221,0.030635733533747045,0.4045715267407388,0.5
1.0,0.1,none,0.7335026662129506,0.0245916094977313,0.4166774568217627,0.5116607051176211
1.0,1.0,none,0.7227271628916261,0.03619346829261101,0.3461987405932343,0.505893297771288
1.0,scale,none,0.7284503705138858,0.023877065597593686,0.41350379144521343,0.5324228924985258
1.0,0.0001,balanced,0.7179903995643968,0.013836316344572845,0.34913131452135626,0.499737532808399
1.0,0.001,balanced,0.7471264008554183,0.015396208514374732,0.3778573675553272,0.6893342958304747
1.0,0.01,balanced,0.7834661172610418,0.01964932493561816,0.43320058909929415,0.7143087908002055
1.0,0.1,balanced,0.7754219910110505,0.020708019689384228,0.4245322733183414,0.7019839754984958
1.0,1.0,balanced,0.7114759173448648,0.020907287192633333,0.3073092327669572,0.5260429208721964
1.0,scale,balanced,0.7689850397743301,0.02165750508990116,0.4156021075858584,0.6966407804400301
10.0,0.0001,none,0.6776222042985419,0.03875602073041331,0.3388689731549994,0.5
10.0,0.001,none,0.7290314777593905,0.026034675461912293,0.3946862559807903,0.5
10.0,0.01,none,0.7389056959067968,0.02921155636401692,0.40588338992915896,0.5011993835054988
10.0,0.1,none,0.7048063559649929,0.02498773144170969,0.38069788084116984,0.5800102565439271
10.0,1.0,none,0.69965030102196,0.026377164484017078,0.31715358297166085,0.5181990967677874
10.0,scale,none,0.7015930895565894,0.024328577578810483,0.3680435522517954,0.5853532173682259
10.0,0.0001,balanced,0.7471496949607925,0.015319106550189608,0.37798081987349785,0.6887349476211696
10.0,0.001,balanced,0.781037006836718,0.020339017772323633,0.4320219474996111,0.7149439292883581
10.0,0.01,balanced,0.7866260488128703,0.01769965526387202,0.43541900427330793,0.7034553082052112
10.0,0.1,balanced,0.7280424474138857,0.02096981579164617,0.368428143781398,0.6566485271517017
10.0,1.0,balanced,0.6835537890918928,0.030707547713928158,0.28982883700355255,0.510882507454191
10.0,scale,balanced,0.7105268831412866,0.018272950838500432,0.34459780317415506,0.6394561207573946
100.0,0.0001,none,0.6445803140636974,0.024694944392234488,0.3297791291388533,0.5
100.0,0.001,none,0.7395641283248672,0.03225876060131313,0.4002147147937687,0.5003510233222276
100.0,0.01,none,0.7315308300098049,0.026650637878220824,0.42131885106090755,0.5607243934261492
100.0,0.1,none,0.6741473311362556,0.015278505838727698,0.3414652358541387,0.6044323094419256
100.0,1.0,none,0.6719942241819803,0.02034891427644373,0.2885135629671054,0.5122712335781145
100.0,scale,none,0.6651214301853257,0.024409411060446907,0.33429729340546493,0.6065503444354643
100.0,0.0001,balanced,0.7803521185906636,0.020242300362765905,0.4312702718519904,0.7146680068791225
100.0,0.001,balanced,0.7909160805618992,0.019421691143020905,0.4420716585083043,0.7089865566291751
100.0,0.01,balanced,0.7637305894620184,0.02033373642774529,0.4143102264757498,0.6861349706536698
100.0,0.1,balanced,0.667845931650449,0.017482354576878186,0.31496902605753957,0.6078735776336388
100.0,1.0,balanced,0.6720455862078655,0.023779062246374095,0.28376892387188607,0.5069515984413248
100.0,scale,balanced,0.6631162328958702,0.021640206186562785,0.3100373971876006,0.5910036757183452
