original_feature,term,coefficient,n_train,n_events_train,event_rate_train,is_presentation_anchor,contrast_vs_anchor,exp_contrast_vs_anchor
Age,(standardized numeric),0.4377973383042802,2351,444,0.18885580603998298,False,,
Smoking PY,(standardized numeric),0.13280651142331945,2351,444,0.18885580603998298,False,,
Sex,Female,0.004660210697934446,478,94,0.19665271966527198,False,0.06825272304150437,1.07063584863948
Sex,Male,-0.06359251234356993,1873,350,0.18686599038974908,True,0.0,1.0
ECOG PS,ECOG 0,-0.980389382771809,1457,171,0.11736444749485243,True,0.0,1.0
ECOG PS,ECOG 1,-0.46045466956917014,674,174,0.258160237388724,False,0.5199347132026388,1.6819178390851952
ECOG PS,ECOG 2,0.033970261401826456,154,68,0.44155844155844154,False,1.0143596441736353,2.7575969885731593
ECOG PS,ECOG 3,0.4605453299585419,37,20,0.5405405405405406,False,1.440934712730351,4.2246427994676505
ECOG PS,ECOG 4,1.2541070807385837,3,3,1.0,False,2.2344964635103928,9.341776742231293
ECOG PS,Missing,-0.36671092140360767,26,8,0.3076923076923077,False,0.6136784613682014,1.8472138213748375
Smoking Status,Current,0.5170483647503799,793,205,0.25851197982345525,False,0.47324502396371804,1.6051946459495547
Smoking Status,Ex-smoker,0.04380334078666179,928,171,0.18426724137931033,True,0.0,1.0
Smoking Status,Non-smoker,-0.27208515467949224,604,62,0.10264900662251655,False,-0.31588849546615405,0.7291407481342225
Smoking Status,Unknown,-0.34769885250318183,26,6,0.23076923076923078,False,-0.3915021932898436,0.6760405677401624
Ds Site,Esophagus,0.9519272655210355,25,13,0.52,False,1.5055163176925697,4.506479804968749
Ds Site,Hypopharynx,-0.060484291080371795,124,47,0.3790322580645161,False,0.4931047610911624,1.6373920473819328
Ds Site,Larynx,-0.45839161323180166,589,94,0.15959252971137522,False,0.09519743893973254,1.099875992039462
Ds Site,Lip & Oral Cavity,0.3910002675894997,76,32,0.42105263157894735,False,0.9445893197610339,2.5717569919086065
Ds Site,Nasal Cavity,-0.07309808030876701,37,9,0.24324324324324326,False,0.4804909718627672,1.6168680440644798
Ds Site,Nasopharynx,-1.1892257510861073,255,12,0.047058823529411764,False,-0.6356366989145731,0.5295981863586533
Ds Site,Oropharynx,-0.5535890521715342,1073,197,0.18359739049394222,True,0.0,1.0
Ds Site,Other,0.5748352534086597,1,1,1.0,False,1.128424305580194,3.090782532402129
Ds Site,Paraganglioma,0.07716753443575948,2,1,0.5,False,0.6307565866072937,1.879031691811898
Ds Site,Paranasal Sinus,0.24009613192261417,21,9,0.42857142857142855,False,0.7936851840941483,2.2115313278176103
Ds Site,Salivary Glands,-0.6244859380917182,4,0,0.0,False,-0.07089688592018395,0.9315579439155434
Ds Site,Sarcoma,1.2078925539652654,13,7,0.5384615384615384,False,1.7614816061367997,5.821055520073329
Ds Site,Skin,0.02773038090353356,16,4,0.25,False,0.5813194330750677,1.7883965442733318
Ds Site,Unknown,-0.5032981008254891,114,18,0.15789473684210525,False,0.05029095134604511,1.0515770096173496
Ds Site,benign tumor,-0.06700886259620842,1,0,0.0,False,0.4865801895753258,1.6267435421119878
T,Missing,0.18785907001279056,13,5,0.38461538461538464,False,0.7742248069908252,2.168910151352861
T,T0,-0.3615665102283706,114,18,0.15789473684210525,False,0.22479922674966402,1.2520713085284763
T,T1,-0.7000673016263201,305,26,0.08524590163934426,False,-0.11370156464828551,0.8925242769371243
T,T1a,-0.9107193707628406,123,8,0.06504065040650407,False,-0.324353633784806,0.7229945218776372
T,T1b,-0.6456129779237177,55,6,0.10909090909090909,False,-0.05924724094568312,0.942473722254547
T,T2,-0.5863657369780346,661,79,0.11951588502269289,True,0.0,1.0
T,T2a,-0.08505015508596646,2,1,0.5,False,0.5013155818920682,1.6508917259416915
T,T2b,1.462778570041013,4,4,1.0,False,2.0491443070190476,7.7612570109116765
T,T3,0.07018154876055895,624,142,0.22756410256410256,False,0.6565472857385936,1.9281235686125482
T,T4,0.321889397271562,77,9,0.11688311688311688,False,0.9082551342495966,2.479991503714864
T,T4a,0.6453846097918692,249,99,0.39759036144578314,False,1.2317503467699038,3.4272231182508124
T,T4b,0.8351760885954721,94,44,0.46808510638297873,False,1.4215418255735068,4.1435040783104435
T,Tis,-0.2928195335136522,30,3,0.1,False,0.2935462034643824,1.3411751449166927
N,Missing,0.3574320473234833,7,4,0.5714285714285714,False,0.9331763788461196,2.5425725383195905
N,N0,-0.5757443315226363,780,117,0.15,True,0.0,1.0
N,N1,-0.1272642343695736,239,48,0.200836820083682,False,0.4484800971530627,1.5659303138997924
N,N2,-0.1423808287993764,131,8,0.061068702290076333,False,0.43336350272325985,1.5424367987854444
N,N2a,-0.7584937909492451,84,6,0.07142857142857142,False,-0.1827494594266088,0.8329768240871838
N,N2b,-0.014773850368603776,573,105,0.18324607329842932,False,0.5609704811540325,1.7523723196524343
N,N2c,0.0762877364194369,391,106,0.2710997442455243,False,0.6520320679420731,1.9194372957260073
N,N3,1.0401961903317505,116,48,0.41379310344827586,False,1.6159405218543867,5.032618986427481
N,N3a,0.22247883624030337,10,1,0.1,False,0.7982231677629397,2.2215900267101114
N,N3b,-0.1366700759511767,20,1,0.05,False,0.43907425557145957,1.5512704735865572
